{
  "generated_at": "2026-03-05T20:45:33.217478",
  "config": {
    "dataset": "TON-IoT Network",
    "data_path": "ton_iot_dataset/train_test_network.csv",
    "seed": 42,
    "hidden_dim": 128,
    "num_layers": 2,
    "dropout": 0.3,
    "k": 10,
    "epochs": 10,
    "lr": 0.001,
    "weight_decay": 0.0005,
    "patience": 4,
    "lambda_edge": 0.3
  },
  "models": {
    "RandomForest": {
      "accuracy": 0.9849,
      "macro_f1": 0.9556451175485968,
      "weighted_f1": 0.9852199838221953,
      "macro_precision": 0.9465148307852804,
      "macro_recall": 0.9692782930942405,
      "per_class_f1": [
        0.9994722955145119,
        0.9737546866630958,
        0.9872611464968153,
        0.9621052631578947,
        0.6890756302521008,
        0.9951466554125343,
        0.9962943356273161,
        0.9952706253284288,
        0.9915433403805497,
        0.9665271966527197
      ],
      "per_class_recall": [
        0.9989451476793249,
        0.9598732840549102,
        0.9810126582278481,
        0.9641350210970464,
        0.8367346938775511,
        0.9953566905867455,
        0.9926160337552743,
        0.9989451476793249,
        0.989451476793249,
        0.9757127771911299
      ],
      "per_class_precision": [
        1.0,
        0.9880434782608696,
        0.9935897435897436,
        0.9600840336134454,
        0.5857142857142857,
        0.9949367088607595,
        1.0,
        0.9916230366492147,
        0.9936440677966102,
        0.9575129533678757
      ],
      "confusion_matrix": [
        [
          947,
          0,
          0,
          0,
          1,
          0,
          0,
          0,
          0,
          0
        ],
        [
          0,
          909,
          0,
          14,
          1,
          3,
          0,
          7,
          0,
          13
        ],
        [
          0,
          0,
          930,
          1,
          11,
          2,
          0,
          0,
          4,
          0
        ],
        [
          0,
          6,
          0,
          914,
          1,
          0,
          0,
          0,
          1,
          26
        ],
        [
          0,
          0,
          3,
          1,
          41,
          3,
          0,
          0,
          0,
          1
        ],
        [
          0,
          3,
          0,
          1,
          5,
          2358,
          0,
          0,
          1,
          1
        ],
        [
          0,
          0,
          1,
          0,
          6,
          0,
          941,
          0,
          0,
          0
        ],
        [
          0,
          0,
          0,
          0,
          0,
          1,
          0,
          947,
          0,
          0
        ],
        [
          0,
          0,
          2,
          3,
          4,
          1,
          0,
          0,
          938,
          0
        ],
        [
          0,
          2,
          0,
          18,
          0,
          2,
          0,
          1,
          0,
          924
        ]
      ],
      "macro_auc": 0.9989015944554677,
      "weighted_auc": 0.9994157980554448,
      "class_names": [
        "backdoor",
        "ddos",
        "dos",
        "injection",
        "mitm",
        "normal",
        "password",
        "ransomware",
        "scanning",
        "xss"
      ],
      "classification_report": "              precision    recall  f1-score   support\n\n    backdoor       1.00      1.00      1.00       948\n        ddos       0.99      0.96      0.97       947\n         dos       0.99      0.98      0.99       948\n   injection       0.96      0.96      0.96       948\n        mitm       0.59      0.84      0.69        49\n      normal       0.99      1.00      1.00      2369\n    password       1.00      0.99      1.00       948\n  ransomware       0.99      1.00      1.00       948\n    scanning       0.99      0.99      0.99       948\n         xss       0.96      0.98      0.97       947\n\n    accuracy                           0.98     10000\n   macro avg       0.95      0.97      0.96     10000\nweighted avg       0.99      0.98      0.99     10000\n"
    },
    "MLP": {
      "accuracy": 0.761,
      "macro_f1": 0.702563567488743,
      "weighted_f1": 0.7663501891369602,
      "macro_precision": 0.702321208479696,
      "macro_recall": 0.7648025886264047,
      "per_class_f1": [
        0.814526588845655,
        0.8343313373253493,
        0.923249299719888,
        0.6505771248688352,
        0.27848101265822783,
        0.8832464293810928,
        0.5355255431591309,
        0.6127450980392157,
        0.7878103837471784,
        0.7051428571428572
      ],
      "per_class_recall": [
        0.9936708860759493,
        0.8827877507919747,
        0.869198312236287,
        0.6540084388185654,
        0.8979591836734694,
        0.8222878851836218,
        0.4810126582278481,
        0.6592827004219409,
        0.7362869198312236,
        0.6515311510031679
      ],
      "per_class_precision": [
        0.6901098901098901,
        0.7909176915799432,
        0.984468339307049,
        0.6471816283924844,
        0.1647940074906367,
        0.9539666993143977,
        0.6039735099337749,
        0.5723443223443223,
        0.8470873786407767,
        0.7683686176836861
      ],
      "confusion_matrix": [
        [
          942,
          0,
          0,
          0,
          3,
          0,
          0,
          2,
          1,
          0
        ],
        [
          2,
          836,
          0,
          17,
          22,
          17,
          33,
          4,
          2,
          14
        ],
        [
          0,
          9,
          824,
          2,
          63,
          50,
          0,
          0,
          0,
          0
        ],
        [
          5,
          21,
          0,
          620,
          27,
          1,
          171,
          2,
          0,
          101
        ],
        [
          0,
          0,
          0,
          0,
          44,
          4,
          0,
          0,
          0,
          1
        ],
        [
          4,
          0,
          13,
          1,
          41,
          1948,
          1,
          331,
          28,
          2
        ],
        [
          118,
          3,
          0,
          263,
          9,
          0,
          456,
          91,
          8,
          0
        ],
        [
          154,
          56,
          0,
          0,
          5,
          8,
          0,
          625,
          32,
          68
        ],
        [
          135,
          79,
          0,
          0,
          5,
          5,
          0,
          26,
          698,
          0
        ],
        [
          5,
          53,
          0,
          55,
          48,
          9,
          94,
          11,
          55,
          617
        ]
      ],
      "macro_auc": 0.9681419672667456,
      "weighted_auc": 0.9709632972653311,
      "class_names": [
        "backdoor",
        "ddos",
        "dos",
        "injection",
        "mitm",
        "normal",
        "password",
        "ransomware",
        "scanning",
        "xss"
      ],